Unnamed: 0,Date,AveragePrice,type,region,Total Volume
0,2018-03-25,1.75,organic,SanDiego,19086.94
1,2018-03-25,1.1,conventional,SanDiego,488321.93
2,2018-03-25,1.13,conventional,Sacramento,570446.95
3,2018-03-25,1.74,organic,LosAngeles,91739.92
4,2018-03-25,1.63,organic,Sacramento,9608.95
5,2018-03-25,1.64,organic,SanFrancisco,34687.2
6,2018-03-25,1.02,conventional,LosAngeles,2843541.07
7,2018-03-25,1.01,conventional,SanFrancisco,1203274.11
8,2018-03-18,1.14,conventional,Sacramento,517463.38
9,2018-03-18,1.68,organic,Sacramento,11828.91
10,2018-03-18,1.86,organic,SanFrancisco,38845.77
11,2018-03-18,1.75,organic,SanDiego,18371.03
12,2018-03-18,0.91,conventional,LosAngeles,3395262.7
13,2018-03-18,0.92,conventional,SanDiego,643491.07
14,2018-03-18,1.38,conventional,SanFrancisco,777300.99
15,2018-03-18,1.72,organic,LosAngeles,93566.16
16,2018-03-11,2.16,organic,SanFrancisco,25741.84
17,2018-03-11,1.18,conventional,Sacramento,546435.55
18,2018-03-11,1.14,conventional,SanDiego,512155.1
19,2018-03-11,1.59,organic,SanDiego,25324.3
20,2018-03-11,1.9,organic,Sacramento,8634.75
21,2018-03-11,1.29,conventional,SanFrancisco,904333.98
22,2018-03-11,1.03,conventional,LosAngeles,3059034.3
23,2018-03-11,1.39,organic,LosAngeles,141932.83
24,2018-03-04,1.83,organic,Sacramento,9611.48
25,2018-03-04,1.4,organic,LosAngeles,145608.11
26,2018-03-04,2.07,organic,SanFrancisco,25055.39
27,2018-03-04,1.65,organic,SanDiego,24614.51
28,2018-03-04,1.18,conventional,Sacramento,559943.98
29,2018-03-04,1.24,conventional,SanDiego,459124.87
30,2018-03-04,1.16,conventional,SanFrancisco,1051308.5
31,2018-03-04,1.1,conventional,LosAngeles,2667104.06
32,2018-02-25,1.07,conventional,SanDiego,538360.91
33,2018-02-25,1.74,organic,LosAngeles,90985.4
34,2018-02-25,1.83,organic,SanDiego,20171.93
35,2018-02-25,1.78,organic,Sacramento,9497.75
36,2018-02-25,2.11,organic,SanFrancisco,24475.48
37,2018-02-25,0.99,conventional,Sacramento,589559.59
38,2018-02-25,1.17,conventional,SanFrancisco,984000.13
39,2018-02-25,1.0,conventional,LosAngeles,3029956.79
40,2018-02-18,1.08,conventional,LosAngeles,2749718.75
41,2018-02-18,2.25,organic,SanFrancisco,21551.76
42,2018-02-18,2.05,organic,SanDiego,17875.93
43,2018-02-18,1.06,conventional,SanFrancisco,1149074.92
44,2018-02-18,1.88,organic,Sacramento,8499.84
45,2018-02-18,1.19,conventional,Sacramento,530247.15
46,2018-02-18,1.88,organic,LosAngeles,88854.41
47,2018-02-18,1.23,conventional,SanDiego,447962.28
48,2018-02-11,2.22,organic,SanFrancisco,21708.65
49,2018-02-11,0.93,conventional,SanDiego,558926.47
50,2018-02-11,1.88,organic,SanDiego,18517.54
51,2018-02-11,1.07,conventional,Sacramento,554598.15
52,2018-02-11,1.87,organic,Sacramento,7802.04
53,2018-02-11,1.32,conventional,SanFrancisco,823086.86
54,2018-02-11,0.85,conventional,LosAngeles,3323882.38
55,2018-02-11,1.74,organic,LosAngeles,92968.52
56,2018-02-04,1.34,organic,SanFrancisco,28070.07
57,2018-02-04,1.81,organic,SanDiego,17454.74
58,2018-02-04,0.73,conventional,LosAngeles,5070580.56
59,2018-02-04,1.5,organic,Sacramento,8713.26
60,2018-02-04,0.88,conventional,SanDiego,858101.65
61,2018-02-04,1.6,organic,LosAngeles,100274.88
62,2018-02-04,0.84,conventional,SanFrancisco,1706251.05
63,2018-02-04,0.86,conventional,Sacramento,862337.1
64,2018-01-28,1.38,conventional,SanFrancisco,821352.05
65,2018-01-28,2.27,organic,SanFrancisco,20325.75
66,2018-01-28,1.91,organic,SanDiego,17579.47
67,2018-01-28,1.73,organic,LosAngeles,97026.15
68,2018-01-28,1.08,conventional,LosAngeles,2893717.97
69,2018-01-28,1.99,organic,Sacramento,7631.73
70,2018-01-28,1.07,conventional,SanDiego,566134.81
71,2018-01-28,1.32,conventional,Sacramento,468915.38
72,2018-01-21,1.75,organic,LosAngeles,94441.5
73,2018-01-21,1.36,organic,SanFrancisco,27919.45
74,2018-01-21,1.95,organic,SanDiego,18676.37
75,2018-01-21,1.62,organic,Sacramento,8933.22
76,2018-01-21,1.15,conventional,LosAngeles,2653023.23
77,2018-01-21,1.15,conventional,Sacramento,591211.37
78,2018-01-21,1.26,conventional,SanDiego,460708.82
79,2018-01-21,1.01,conventional,SanFrancisco,1301932.95
80,2018-01-14,1.21,conventional,SanFrancisco,1117376.99
81,2018-01-14,1.32,organic,SanFrancisco,37347.89
82,2018-01-14,1.31,conventional,Sacramento,504269.23
83,2018-01-14,1.41,conventional,SanDiego,439652.12
84,2018-01-14,1.28,conventional,LosAngeles,2409159.6
85,2018-01-14,1.68,organic,LosAngeles,106624.63
86,2018-01-14,1.81,organic,SanDiego,21770.02
87,2018-01-14,1.6,organic,Sacramento,9939.69
88,2018-01-07,2.3,organic,SanFrancisco,20151.24
89,2018-01-07,1.04,conventional,LosAngeles,2725856.44
90,2018-01-07,2.06,organic,SanDiego,16746.82
91,2018-01-07,1.8,organic,LosAngeles,87517.23
92,2018-01-07,2.18,organic,Sacramento,6511.97
93,2018-01-07,1.35,conventional,Sacramento,465108.34
94,2018-01-07,1.46,conventional,SanFrancisco,818086.25
95,2018-01-07,1.18,conventional,SanDiego,464720.86
96,2017-12-31,2.0,organic,SanDiego,14150.95
97,2017-12-31,1.52,organic,SanFrancisco,24699.21
98,2017-12-31,1.74,organic,LosAngeles,78872.75
99,2017-12-31,1.61,organic,Sacramento,9655.29
100,2017-12-31,1.03,conventional,Sacramento,578374.5
101,2017-12-31,0.98,conventional,SanDiego,619699.65
102,2017-12-31,0.92,conventional,SanFrancisco,1174818.67
103,2017-12-31,0.88,conventional,LosAngeles,3212261.75
104,2017-12-24,1.82,organic,SanDiego,15276.68
105,2017-12-24,1.8,organic,LosAngeles,69804.27
106,2017-12-24,2.01,organic,SanFrancisco,18541.03
107,2017-12-24,1.14,conventional,Sacramento,469533.33
108,2017-12-24,1.15,conventional,SanFrancisco,860922.52
109,2017-12-24,1.17,conventional,SanDiego,397332.09
110,2017-12-24,1.1,conventional,LosAngeles,2389829.32
111,2017-12-24,1.68,organic,Sacramento,8177.33
112,2017-12-17,1.7,organic,LosAngeles,64716.36
113,2017-12-17,1.2,conventional,Sacramento,404548.13
114,2017-12-17,1.4,conventional,SanFrancisco,674625.07
115,2017-12-17,0.89,conventional,LosAngeles,3130916.47
116,2017-12-17,0.73,conventional,SanDiego,719091.14
117,2017-12-17,2.1,organic,SanFrancisco,17850.72
118,2017-12-17,1.54,organic,SanDiego,14047.41
119,2017-12-17,1.72,organic,Sacramento,7034.37
120,2017-12-10,1.13,conventional,SanDiego,442147.66
121,2017-12-10,1.05,conventional,SanFrancisco,992871.42
122,2017-12-10,1.07,conventional,LosAngeles,2404221.58
123,2017-12-10,1.07,conventional,Sacramento,474539.47
124,2017-12-10,2.27,organic,SanFrancisco,15142.03
125,2017-12-10,2.05,organic,SanDiego,13284.31
126,2017-12-10,1.75,organic,Sacramento,6765.28
127,2017-12-10,1.78,organic,LosAngeles,69862.39
128,2017-12-03,2.07,organic,SanFrancisco,14737.28
129,2017-12-03,1.08,conventional,SanDiego,479566.0
130,2017-12-03,1.77,organic,LosAngeles,71010.03
131,2017-12-03,1.69,organic,Sacramento,6289.72
132,2017-12-03,1.79,organic,SanDiego,13476.62
133,2017-12-03,1.01,conventional,LosAngeles,2615853.0
134,2017-12-03,1.17,conventional,Sacramento,427791.0
135,2017-12-03,1.28,conventional,SanFrancisco,798853.0
136,2017-11-26,1.19,conventional,LosAngeles,2153918.0
137,2017-11-26,1.52,conventional,SanFrancisco,630939.0
138,2017-11-26,1.72,organic,Sacramento,6851.13
139,2017-11-26,2.01,organic,LosAngeles,59523.55
140,2017-11-26,2.06,organic,SanFrancisco,15701.21
141,2017-11-26,2.17,organic,SanDiego,11559.98
142,2017-11-26,1.45,conventional,Sacramento,304942.0
143,2017-11-26,1.24,conventional,SanDiego,384465.0
144,2017-11-19,2.17,organic,SanDiego,12348.84
145,2017-11-19,1.48,conventional,SanFrancisco,657693.0
146,2017-11-19,2.06,organic,SanFrancisco,17621.85
147,2017-11-19,1.69,organic,Sacramento,7725.77
148,2017-11-19,1.14,conventional,LosAngeles,2391383.0
149,2017-11-19,1.45,conventional,Sacramento,331472.0
150,2017-11-19,1.99,organic,LosAngeles,61451.23
151,2017-11-19,1.25,conventional,SanDiego,409476.0
152,2017-11-12,1.08,conventional,LosAngeles,2626121.0
153,2017-11-12,1.81,organic,Sacramento,6581.85
154,2017-11-12,1.27,conventional,SanFrancisco,875104.0
155,2017-11-12,1.16,conventional,SanDiego,433591.0
156,2017-11-12,1.23,conventional,Sacramento,442150.0
157,2017-11-12,2.07,organic,SanFrancisco,19344.03
158,2017-11-12,2.13,organic,SanDiego,11498.28
159,2017-11-12,1.98,organic,LosAngeles,62337.67
160,2017-11-05,1.6,organic,SanDiego,16452.21
161,2017-11-05,1.74,organic,Sacramento,8454.27
162,2017-11-05,1.72,organic,LosAngeles,73723.79
163,2017-11-05,2.05,organic,SanFrancisco,20213.21
164,2017-11-05,1.04,conventional,LosAngeles,2691240.89
165,2017-11-05,1.36,conventional,Sacramento,407622.18
166,2017-11-05,1.41,conventional,SanFrancisco,787625.8
167,2017-11-05,1.04,conventional,SanDiego,493425.51
168,2017-10-29,1.56,conventional,SanFrancisco,716567.05
169,2017-10-29,1.0,conventional,SanDiego,593934.52
170,2017-10-29,1.09,conventional,LosAngeles,2850377.2
171,2017-10-29,2.13,organic,SanDiego,12179.45
172,2017-10-29,2.09,organic,SanFrancisco,19950.9
173,2017-10-29,1.99,organic,LosAngeles,67050.78
174,2017-10-29,1.45,conventional,Sacramento,374807.93
175,2017-10-29,1.86,organic,Sacramento,7341.92
176,2017-10-22,1.57,conventional,SanDiego,343882.42
177,2017-10-22,1.81,organic,Sacramento,8059.52
178,2017-10-22,1.58,conventional,Sacramento,337225.47
179,2017-10-22,2.15,organic,SanDiego,13012.35
180,2017-10-22,1.99,organic,LosAngeles,68637.55
181,2017-10-22,1.49,conventional,LosAngeles,1968638.86
182,2017-10-22,1.57,conventional,SanFrancisco,768374.15
183,2017-10-22,2.08,organic,SanFrancisco,18852.58
184,2017-10-15,1.92,organic,Sacramento,6689.14
185,2017-10-15,2.09,organic,SanFrancisco,19027.31
186,2017-10-15,2.12,organic,LosAngeles,57490.8
187,2017-10-15,2.25,organic,SanDiego,11472.41
188,2017-10-15,1.67,conventional,SanDiego,322915.64
189,2017-10-15,1.67,conventional,LosAngeles,1779831.36
190,2017-10-15,1.68,conventional,Sacramento,342218.56
191,2017-10-15,1.76,conventional,SanFrancisco,671239.19
192,2017-10-08,1.8,conventional,LosAngeles,1711267.24
193,2017-10-08,1.66,conventional,Sacramento,348907.43
194,2017-10-08,1.84,organic,Sacramento,7804.28
195,2017-10-08,2.33,organic,SanDiego,13013.83
196,2017-10-08,2.07,organic,SanFrancisco,20337.21
197,2017-10-08,2.28,organic,LosAngeles,59194.04
198,2017-10-08,1.83,conventional,SanDiego,314828.77
199,2017-10-08,1.65,conventional,SanFrancisco,780710.38
200,2017-10-01,2.04,organic,SanFrancisco,22703.05
201,2017-10-01,1.77,conventional,LosAngeles,1697028.59
202,2017-10-01,2.27,organic,SanDiego,13509.43
203,2017-10-01,2.1,organic,LosAngeles,65405.61
204,2017-10-01,1.86,organic,Sacramento,7334.65
205,2017-10-01,1.74,conventional,Sacramento,318071.39
206,2017-10-01,1.79,conventional,SanFrancisco,660452.07
207,2017-10-01,1.78,conventional,SanDiego,321740.77
208,2017-09-24,1.76,conventional,SanFrancisco,653751.09
209,2017-09-24,1.75,conventional,LosAngeles,1760610.46
210,2017-09-24,2.23,organic,SanDiego,14173.82
211,2017-09-24,2.03,organic,LosAngeles,73696.3
212,2017-09-24,1.74,conventional,SanDiego,330959.91
213,2017-09-24,1.89,organic,Sacramento,7344.32
214,2017-09-24,1.7,conventional,Sacramento,314818.19
215,2017-09-24,2.06,organic,SanFrancisco,19095.21
216,2017-09-17,1.71,conventional,SanDiego,341162.84
217,2017-09-17,2.39,organic,SanDiego,12673.52
218,2017-09-17,2.04,organic,SanFrancisco,32191.54
219,2017-09-17,1.81,conventional,SanFrancisco,648318.59
220,2017-09-17,2.32,organic,LosAngeles,64855.01
221,2017-09-17,1.92,organic,Sacramento,9174.58
222,2017-09-17,1.61,conventional,Sacramento,354589.37
223,2017-09-17,1.73,conventional,LosAngeles,1865690.48
224,2017-09-10,1.63,conventional,Sacramento,361079.39
225,2017-09-10,1.71,conventional,SanDiego,351223.38
226,2017-09-10,1.71,conventional,SanFrancisco,688636.33
227,2017-09-10,1.74,conventional,LosAngeles,1969051.97
228,2017-09-10,2.05,organic,SanFrancisco,28335.3
229,2017-09-10,2.37,organic,SanDiego,12770.99
230,2017-09-10,2.32,organic,LosAngeles,64680.12
231,2017-09-10,1.96,organic,Sacramento,8035.15
232,2017-09-03,2.01,organic,SanDiego,15165.11
233,2017-09-03,2.11,organic,LosAngeles,70419.78
234,2017-09-03,1.61,conventional,LosAngeles,2176974.29
235,2017-09-03,2.08,organic,SanFrancisco,22836.09
236,2017-09-03,1.79,conventional,Sacramento,358168.59
237,2017-09-03,2.15,organic,Sacramento,8230.33
238,2017-09-03,1.52,conventional,SanDiego,402400.31
239,2017-09-03,1.78,conventional,SanFrancisco,667860.21
240,2017-08-27,1.87,conventional,Sacramento,341841.01
241,2017-08-27,2.09,conventional,SanFrancisco,600153.2
242,2017-08-27,3.0,organic,SanFrancisco,19329.49
243,2017-08-27,1.79,conventional,SanDiego,356447.96
244,2017-08-27,2.49,organic,Sacramento,7197.78
245,2017-08-27,2.57,organic,SanDiego,11138.48
246,2017-08-27,1.66,conventional,LosAngeles,2117126.8
247,2017-08-27,2.37,organic,LosAngeles,63222.41
248,2017-08-20,2.07,conventional,SanFrancisco,561541.93
249,2017-08-20,1.82,conventional,Sacramento,331372.05
250,2017-08-20,2.42,organic,SanDiego,14113.65
251,2017-08-20,2.93,organic,SanFrancisco,21524.58
252,2017-08-20,1.65,conventional,SanDiego,379035.92
253,2017-08-20,1.45,conventional,LosAngeles,2309865.74
254,2017-08-20,2.16,organic,LosAngeles,75146.55
255,2017-08-20,2.33,organic,Sacramento,8187.92
256,2017-08-13,1.19,conventional,LosAngeles,2832849.85
257,2017-08-13,1.29,conventional,SanFrancisco,821395.74
258,2017-08-13,2.32,organic,SanDiego,12511.08
259,2017-08-13,1.44,conventional,Sacramento,455886.37
260,2017-08-13,2.57,organic,SanFrancisco,22296.14
261,2017-08-13,1.24,conventional,SanDiego,499110.51
262,2017-08-13,2.09,organic,Sacramento,8707.0
263,2017-08-13,2.04,organic,LosAngeles,72817.55
264,2017-08-06,1.34,conventional,SanDiego,476535.85
265,2017-08-06,1.62,conventional,SanFrancisco,723557.56
266,2017-08-06,1.22,conventional,LosAngeles,2742628.31
267,2017-08-06,1.46,conventional,Sacramento,471016.34
268,2017-08-06,1.99,organic,Sacramento,6886.41
269,2017-08-06,2.37,organic,SanDiego,12981.7
270,2017-08-06,2.33,organic,SanFrancisco,13350.56
271,2017-08-06,2.1,organic,LosAngeles,67080.63
272,2017-07-30,2.1,organic,LosAngeles,67790.94
273,2017-07-30,1.41,conventional,Sacramento,503413.12
274,2017-07-30,1.48,conventional,SanDiego,444013.66
275,2017-07-30,1.39,conventional,LosAngeles,2426027.85
276,2017-07-30,2.14,organic,SanFrancisco,10110.25
277,2017-07-30,2.37,organic,SanDiego,12594.87
278,2017-07-30,1.3,conventional,SanFrancisco,897443.52
279,2017-07-30,1.86,organic,Sacramento,5676.06
280,2017-07-23,2.07,organic,LosAngeles,70179.47
281,2017-07-23,1.66,conventional,SanFrancisco,675183.5
282,2017-07-23,1.46,conventional,Sacramento,444230.79
283,2017-07-23,1.46,conventional,SanDiego,455369.95
284,2017-07-23,2.44,organic,SanFrancisco,16831.7
285,2017-07-23,1.38,conventional,LosAngeles,2484918.32
286,2017-07-23,1.97,organic,Sacramento,7041.27
287,2017-07-23,2.31,organic,SanDiego,13629.65
288,2017-07-16,2.3,organic,SanDiego,14060.23
289,2017-07-16,2.02,organic,LosAngeles,75021.72
290,2017-07-16,2.19,organic,Sacramento,5103.37
291,2017-07-16,1.37,conventional,LosAngeles,2558156.26
292,2017-07-16,1.48,conventional,SanDiego,449543.62
293,2017-07-16,1.58,conventional,Sacramento,461109.34
294,2017-07-16,1.74,conventional,SanFrancisco,732328.94
295,2017-07-16,2.4,organic,SanFrancisco,14099.42
296,2017-07-09,1.42,organic,LosAngeles,120562.92
297,2017-07-09,1.21,conventional,SanDiego,575413.33
298,2017-07-09,2.36,organic,Sacramento,3562.52
299,2017-07-09,1.12,conventional,LosAngeles,3382974.98
300,2017-07-09,1.69,conventional,SanFrancisco,715078.15
301,2017-07-09,2.45,organic,SanFrancisco,8311.12
302,2017-07-09,1.91,organic,SanDiego,19248.28
303,2017-07-09,1.44,conventional,Sacramento,505422.37
304,2017-07-02,1.07,conventional,LosAngeles,3507155.74
305,2017-07-02,1.55,conventional,Sacramento,509256.0
306,2017-07-02,1.7,conventional,SanFrancisco,700809.09
307,2017-07-02,1.23,conventional,SanDiego,584480.72
308,2017-07-02,2.0,organic,SanDiego,19913.72
309,2017-07-02,2.59,organic,SanFrancisco,12279.96
310,2017-07-02,1.46,organic,LosAngeles,109111.93
311,2017-07-02,2.32,organic,Sacramento,4572.42
312,2017-06-25,1.53,conventional,SanFrancisco,874937.71
313,2017-06-25,2.66,organic,SanFrancisco,15691.4
314,2017-06-25,1.5,conventional,Sacramento,492249.41
315,2017-06-25,1.37,organic,LosAngeles,109872.63
316,2017-06-25,1.05,conventional,SanDiego,586241.71
317,2017-06-25,2.37,organic,Sacramento,5625.98
318,2017-06-25,0.92,conventional,LosAngeles,3655667.22
319,2017-06-25,1.73,organic,SanDiego,17744.03
320,2017-06-18,2.76,organic,SanFrancisco,24037.58
321,2017-06-18,1.77,conventional,SanFrancisco,660386.27
322,2017-06-18,1.59,conventional,Sacramento,448930.73
323,2017-06-18,1.8,organic,SanDiego,16862.3
324,2017-06-18,2.48,organic,Sacramento,7058.35
325,2017-06-18,1.1,conventional,SanDiego,591731.93
326,2017-06-18,0.99,conventional,LosAngeles,3631321.55
327,2017-06-18,1.37,organic,LosAngeles,108808.01
328,2017-06-11,1.17,conventional,SanDiego,522813.2
329,2017-06-11,0.99,conventional,LosAngeles,3390850.94
330,2017-06-11,1.55,conventional,Sacramento,440572.26
331,2017-06-11,2.77,organic,SanFrancisco,25806.28
332,2017-06-11,1.35,organic,LosAngeles,106703.23
333,2017-06-11,2.5,organic,Sacramento,6504.06
334,2017-06-11,1.8,conventional,SanFrancisco,608604.75
335,2017-06-11,2.06,organic,SanDiego,12549.97
336,2017-06-04,1.61,conventional,Sacramento,428553.32
337,2017-06-04,2.72,organic,SanFrancisco,23896.87
338,2017-06-04,0.96,conventional,LosAngeles,3637220.72
339,2017-06-04,1.71,organic,SanDiego,18703.01
340,2017-06-04,1.13,conventional,SanDiego,559985.06
341,2017-06-04,2.43,organic,Sacramento,6820.7
342,2017-06-04,1.83,conventional,SanFrancisco,650426.37
343,2017-06-04,1.28,organic,LosAngeles,128923.07
344,2017-05-28,1.37,organic,LosAngeles,122886.52
345,2017-05-28,1.27,conventional,SanDiego,532494.25
346,2017-05-28,1.13,conventional,LosAngeles,3243908.89
347,2017-05-28,1.55,conventional,Sacramento,481635.83
348,2017-05-28,1.78,conventional,SanFrancisco,664075.57
349,2017-05-28,2.73,organic,SanFrancisco,24852.33
350,2017-05-28,1.91,organic,SanDiego,17421.67
351,2017-05-28,2.46,organic,Sacramento,6662.68
352,2017-05-21,2.4,organic,Sacramento,5955.32
353,2017-05-21,1.86,conventional,SanFrancisco,652301.59
354,2017-05-21,1.27,conventional,SanDiego,481522.42
355,2017-05-21,2.05,organic,SanDiego,15451.08
356,2017-05-21,1.42,organic,LosAngeles,114120.43
357,2017-05-21,2.65,organic,SanFrancisco,22558.59
358,2017-05-21,1.14,conventional,LosAngeles,2921916.66
359,2017-05-21,1.64,conventional,Sacramento,403959.96
360,2017-05-14,0.94,conventional,LosAngeles,3551402.91
361,2017-05-14,1.56,conventional,Sacramento,410450.05
362,2017-05-14,1.08,conventional,SanDiego,556946.85
363,2017-05-14,2.64,organic,SanFrancisco,20842.19
364,2017-05-14,2.22,organic,SanDiego,12594.05
365,2017-05-14,2.43,organic,Sacramento,5255.47
366,2017-05-14,1.4,organic,LosAngeles,105965.36
367,2017-05-14,1.77,conventional,SanFrancisco,652375.87
368,2017-05-07,1.31,organic,LosAngeles,137484.97
369,2017-05-07,1.05,conventional,SanDiego,613046.52
370,2017-05-07,2.52,organic,Sacramento,5321.75
371,2017-05-07,0.87,conventional,LosAngeles,4214313.1
372,2017-05-07,2.54,organic,SanFrancisco,19401.8
373,2017-05-07,1.4,conventional,Sacramento,560446.85
374,2017-05-07,1.72,organic,SanDiego,21798.32
375,2017-05-07,1.42,conventional,SanFrancisco,956829.89
376,2017-04-30,1.18,conventional,SanDiego,498381.64
377,2017-04-30,1.62,conventional,Sacramento,391714.3
378,2017-04-30,1.93,conventional,SanFrancisco,612104.34
379,2017-04-30,1.25,organic,LosAngeles,127255.45
380,2017-04-30,1.83,organic,SanDiego,17826.5
381,2017-04-30,2.39,organic,Sacramento,6331.52
382,2017-04-30,2.58,organic,SanFrancisco,22792.24
383,2017-04-30,0.99,conventional,LosAngeles,3299258.02
384,2017-04-23,2.29,organic,Sacramento,6764.99
385,2017-04-23,1.04,conventional,LosAngeles,3074226.19
386,2017-04-23,2.56,organic,SanFrancisco,21330.52
387,2017-04-23,1.83,conventional,SanFrancisco,613563.9
388,2017-04-23,1.25,organic,LosAngeles,127222.31
389,2017-04-23,1.97,organic,SanDiego,14541.16
390,2017-04-23,1.6,conventional,Sacramento,370499.27
391,2017-04-23,1.18,conventional,SanDiego,500367.63
392,2017-04-16,2.35,organic,Sacramento,6274.05
393,2017-04-16,2.59,organic,SanFrancisco,23032.34
394,2017-04-16,1.69,conventional,SanFrancisco,670281.46
395,2017-04-16,1.58,conventional,Sacramento,370816.51
396,2017-04-16,2.08,organic,SanDiego,14043.34
397,2017-04-16,1.31,organic,LosAngeles,122876.89
398,2017-04-16,1.18,conventional,LosAngeles,2789630.4
399,2017-04-16,1.29,conventional,SanDiego,465624.88
400,2017-04-09,1.36,conventional,Sacramento,431593.41
401,2017-04-09,1.22,conventional,SanFrancisco,961954.91
402,2017-04-09,1.22,conventional,SanDiego,461063.08
403,2017-04-09,1.3,organic,LosAngeles,118305.22
404,2017-04-09,2.37,organic,Sacramento,6283.41
405,2017-04-09,1.01,conventional,LosAngeles,2993246.61
406,2017-04-09,1.94,organic,SanDiego,13786.93
407,2017-04-09,2.54,organic,SanFrancisco,21231.88
408,2017-04-02,1.22,conventional,SanDiego,455329.05
409,2017-04-02,2.31,organic,Sacramento,6244.05
410,2017-04-02,1.79,conventional,SanFrancisco,632537.9
411,2017-04-02,1.58,conventional,Sacramento,385734.97
412,2017-04-02,0.98,conventional,LosAngeles,3100355.01
413,2017-04-02,1.3,organic,LosAngeles,122384.82
414,2017-04-02,1.88,organic,SanDiego,16174.36
415,2017-04-02,2.59,organic,SanFrancisco,21303.86
416,2017-03-26,1.33,organic,LosAngeles,125710.73
417,2017-03-26,1.28,conventional,SanDiego,430467.52
418,2017-03-26,1.79,conventional,SanFrancisco,617981.91
419,2017-03-26,1.57,conventional,Sacramento,375225.76
420,2017-03-26,2.06,organic,SanDiego,14388.05
421,2017-03-26,2.83,organic,SanFrancisco,20170.65
422,2017-03-26,2.44,organic,Sacramento,6509.21
423,2017-03-26,1.12,conventional,LosAngeles,2583323.58
424,2017-03-19,1.59,organic,SanDiego,22169.84
425,2017-03-19,1.25,conventional,SanDiego,460355.92
426,2017-03-19,1.11,conventional,LosAngeles,2737872.14
427,2017-03-19,1.59,conventional,Sacramento,372216.08
428,2017-03-19,1.79,conventional,SanFrancisco,639050.82
429,2017-03-19,2.46,organic,Sacramento,5971.13
430,2017-03-19,1.25,organic,LosAngeles,135636.51
431,2017-03-19,2.88,organic,SanFrancisco,18687.22
432,2017-03-12,1.19,organic,LosAngeles,143848.91
433,2017-03-12,1.12,conventional,LosAngeles,2633574.94
434,2017-03-12,2.36,organic,Sacramento,6022.12
435,2017-03-12,2.9,organic,SanFrancisco,17686.1
436,2017-03-12,1.72,organic,SanDiego,17226.14
437,2017-03-12,1.8,conventional,SanFrancisco,620908.22
438,2017-03-12,1.24,conventional,SanDiego,445311.34
439,2017-03-12,1.61,conventional,Sacramento,354782.58
440,2017-03-05,1.07,organic,LosAngeles,146065.71
441,2017-03-05,1.59,conventional,SanFrancisco,672242.8
442,2017-03-05,0.99,conventional,LosAngeles,2768930.88
443,2017-03-05,1.04,conventional,SanDiego,517701.26
444,2017-03-05,2.92,organic,SanFrancisco,21218.15
445,2017-03-05,1.42,organic,SanDiego,20616.04
446,2017-03-05,1.32,conventional,Sacramento,431348.55
447,2017-03-05,2.5,organic,Sacramento,6056.68
448,2017-02-26,1.08,conventional,Sacramento,499261.3
449,2017-02-26,0.88,conventional,SanDiego,572076.4
450,2017-02-26,1.42,organic,SanDiego,20055.23
451,2017-02-26,2.06,organic,Sacramento,6616.58
452,2017-02-26,0.82,conventional,LosAngeles,2935077.5
453,2017-02-26,2.52,organic,SanFrancisco,18753.79
454,2017-02-26,1.18,conventional,SanFrancisco,891688.67
455,2017-02-26,1.05,organic,LosAngeles,143520.74
456,2017-02-19,1.4,organic,SanDiego,19782.44
457,2017-02-19,0.79,conventional,LosAngeles,3033918.41
458,2017-02-19,2.58,organic,SanFrancisco,19202.54
459,2017-02-19,1.17,conventional,SanFrancisco,863688.61
460,2017-02-19,1.2,conventional,Sacramento,431830.4
461,2017-02-19,0.97,conventional,SanDiego,497333.98
462,2017-02-19,1.19,organic,LosAngeles,115734.75
463,2017-02-19,2.32,organic,Sacramento,5375.95
464,2017-02-12,2.59,organic,SanFrancisco,19433.9
465,2017-02-12,0.64,conventional,LosAngeles,3625630.64
466,2017-02-12,1.08,conventional,Sacramento,423595.21
467,2017-02-12,1.14,conventional,SanFrancisco,765983.21
468,2017-02-12,2.25,organic,Sacramento,5559.0
469,2017-02-12,1.66,organic,SanDiego,9082.88
470,2017-02-12,1.17,organic,LosAngeles,95227.6
471,2017-02-12,0.7,conventional,SanDiego,645130.97
472,2017-02-05,0.98,conventional,Sacramento,808808.87
473,2017-02-05,0.63,conventional,SanDiego,892740.87
474,2017-02-05,0.84,conventional,SanFrancisco,1557975.05
475,2017-02-05,1.55,organic,SanDiego,14096.05
476,2017-02-05,1.61,organic,SanFrancisco,25769.82
477,2017-02-05,1.6,organic,Sacramento,7712.27
478,2017-02-05,1.19,organic,LosAngeles,91687.96
479,2017-02-05,0.53,conventional,LosAngeles,5470227.08
480,2017-01-29,1.13,conventional,SanFrancisco,909650.62
481,2017-01-29,2.7,organic,SanFrancisco,17708.49
482,2017-01-29,1.09,organic,LosAngeles,99597.27
483,2017-01-29,0.6,conventional,LosAngeles,4230448.98
484,2017-01-29,0.65,conventional,SanDiego,776310.02
485,2017-01-29,2.02,organic,Sacramento,6748.27
486,2017-01-29,1.21,organic,SanDiego,18191.46
487,2017-01-29,1.08,conventional,Sacramento,513293.45
488,2017-01-22,0.74,conventional,SanDiego,695873.15
489,2017-01-22,2.03,organic,SanFrancisco,20441.93
490,2017-01-22,1.89,organic,Sacramento,6015.68
491,2017-01-22,0.94,conventional,SanFrancisco,1089513.11
492,2017-01-22,0.98,conventional,Sacramento,532733.04
493,2017-01-22,1.27,organic,LosAngeles,77418.61
494,2017-01-22,1.73,organic,SanDiego,10842.77
495,2017-01-22,0.62,conventional,LosAngeles,4215552.57
496,2017-01-15,1.3,organic,LosAngeles,86845.72
497,2017-01-15,2.31,organic,Sacramento,5267.55
498,2017-01-15,2.7,organic,SanFrancisco,17202.67
499,2017-01-15,1.82,organic,SanDiego,11578.42
500,2017-01-15,1.23,conventional,SanFrancisco,848267.19
501,2017-01-15,0.87,conventional,SanDiego,580190.82
502,2017-01-15,0.76,conventional,LosAngeles,3363407.98
503,2017-01-15,1.2,conventional,Sacramento,469431.68
504,2017-01-08,1.19,organic,LosAngeles,112953.28
505,2017-01-08,1.22,conventional,SanFrancisco,953770.46
506,2017-01-08,0.96,conventional,SanDiego,582835.25
507,2017-01-08,1.15,conventional,Sacramento,506805.15
508,2017-01-08,2.58,organic,SanFrancisco,18096.56
509,2017-01-08,1.52,organic,SanDiego,16775.97
510,2017-01-08,2.15,organic,Sacramento,5692.25
511,2017-01-08,0.89,conventional,LosAngeles,3120961.67
512,2017-01-01,1.07,organic,LosAngeles,99950.32
513,2017-01-01,1.45,organic,SanDiego,15752.25
514,2017-01-01,2.24,organic,Sacramento,5635.27
515,2017-01-01,0.98,conventional,Sacramento,526765.64
516,2017-01-01,0.93,conventional,SanDiego,560310.35
517,2017-01-01,0.95,conventional,SanFrancisco,1047175.33
518,2017-01-01,2.54,organic,SanFrancisco,19910.51
519,2017-01-01,0.84,conventional,LosAngeles,3551337.17
520,2016-12-25,2.41,organic,Sacramento,4567.83
521,2016-12-25,1.07,conventional,Sacramento,428247.63
522,2016-12-25,1.43,organic,SanDiego,12022.95
523,2016-12-25,1.17,organic,LosAngeles,81458.1
524,2016-12-25,2.56,organic,SanFrancisco,16169.17
525,2016-12-25,1.18,conventional,SanFrancisco,690027.33
526,2016-12-25,0.84,conventional,LosAngeles,2641775.31
527,2016-12-25,0.89,conventional,SanDiego,473730.19
528,2016-12-18,2.57,organic,SanFrancisco,14537.83
529,2016-12-18,1.04,conventional,Sacramento,384448.27
530,2016-12-18,1.63,organic,SanDiego,12212.22
531,2016-12-18,1.29,organic,LosAngeles,75362.42
532,2016-12-18,0.84,conventional,LosAngeles,2377799.62
533,2016-12-18,2.36,organic,Sacramento,3768.98
534,2016-12-18,0.9,conventional,SanDiego,437170.79
535,2016-12-18,1.22,conventional,SanFrancisco,643518.28
536,2016-12-11,1.31,organic,LosAngeles,77692.93
537,2016-12-11,0.81,conventional,SanDiego,505122.6
538,2016-12-11,1.29,conventional,SanFrancisco,655428.34
539,2016-12-11,1.03,conventional,Sacramento,434567.21
540,2016-12-11,1.49,organic,SanDiego,14513.56
541,2016-12-11,0.75,conventional,LosAngeles,2793917.73
542,2016-12-11,2.67,organic,SanFrancisco,16323.32
543,2016-12-11,2.46,organic,Sacramento,3874.86
544,2016-12-04,0.78,conventional,LosAngeles,2780629.1
545,2016-12-04,2.06,organic,SanDiego,9419.21
546,2016-12-04,1.29,conventional,Sacramento,315955.99
547,2016-12-04,2.67,organic,SanFrancisco,17934.25
548,2016-12-04,0.85,conventional,SanDiego,499144.04
549,2016-12-04,1.52,conventional,SanFrancisco,542857.36
550,2016-12-04,2.52,organic,Sacramento,4384.51
551,2016-12-04,1.52,organic,LosAngeles,68500.56
552,2016-11-27,1.64,organic,LosAngeles,63734.67
553,2016-11-27,2.88,organic,SanFrancisco,17864.74
554,2016-11-27,1.75,conventional,SanFrancisco,488378.1
555,2016-11-27,2.12,organic,SanDiego,10271.6
556,2016-11-27,1.01,conventional,LosAngeles,2257271.18
557,2016-11-27,1.43,conventional,Sacramento,279333.62
558,2016-11-27,1.08,conventional,SanDiego,392291.47
559,2016-11-27,2.61,organic,Sacramento,4143.89
560,2016-11-20,1.53,conventional,Sacramento,289773.71
561,2016-11-20,2.54,organic,Sacramento,5413.97
562,2016-11-20,1.89,conventional,SanFrancisco,510752.32
563,2016-11-20,2.22,organic,SanDiego,8535.78
564,2016-11-20,1.25,conventional,SanDiego,369682.4
565,2016-11-20,1.1,conventional,LosAngeles,2272023.15
566,2016-11-20,1.67,organic,LosAngeles,60249.61
567,2016-11-20,2.94,organic,SanFrancisco,17436.41
568,2016-11-13,2.99,organic,SanFrancisco,18930.4
569,2016-11-13,1.37,conventional,SanDiego,353828.79
570,2016-11-13,1.7,organic,LosAngeles,66733.93
571,2016-11-13,1.94,conventional,SanFrancisco,506543.8
572,2016-11-13,2.1,organic,SanDiego,10261.69
573,2016-11-13,1.62,conventional,Sacramento,277735.11
574,2016-11-13,2.65,organic,Sacramento,6026.15
575,2016-11-13,1.29,conventional,LosAngeles,1913492.61
576,2016-11-06,1.78,conventional,Sacramento,266345.33
577,2016-11-06,2.82,organic,Sacramento,5372.3
578,2016-11-06,1.68,conventional,SanDiego,292299.52
579,2016-11-06,2.07,conventional,SanFrancisco,492504.81
580,2016-11-06,1.94,organic,LosAngeles,64388.86
581,2016-11-06,3.12,organic,SanFrancisco,19043.8
582,2016-11-06,2.51,organic,SanDiego,11300.17
583,2016-11-06,1.52,conventional,LosAngeles,1595013.07
584,2016-10-30,2.1,organic,LosAngeles,48849.52
585,2016-10-30,1.48,conventional,LosAngeles,1499286.88
586,2016-10-30,3.25,organic,SanFrancisco,16700.94
587,2016-10-30,1.79,conventional,Sacramento,238699.3
588,2016-10-30,2.44,organic,Sacramento,5676.57
589,2016-10-30,1.65,conventional,SanDiego,270941.97
590,2016-10-30,2.2,conventional,SanFrancisco,477937.8
591,2016-10-30,2.74,organic,SanDiego,8933.54
592,2016-10-23,1.23,conventional,LosAngeles,2133563.24
593,2016-10-23,2.93,organic,SanFrancisco,11252.48
594,2016-10-23,2.44,organic,LosAngeles,35647.66
595,2016-10-23,2.73,organic,SanDiego,8533.85
596,2016-10-23,1.59,conventional,Sacramento,253163.64
597,2016-10-23,1.32,conventional,SanDiego,366026.91
598,2016-10-23,1.87,conventional,SanFrancisco,411873.66
599,2016-10-23,2.23,organic,Sacramento,5525.46
600,2016-10-16,1.85,organic,LosAngeles,56666.92
601,2016-10-16,1.61,conventional,Sacramento,330213.06
602,2016-10-16,1.99,conventional,SanFrancisco,590535.06
603,2016-10-16,1.27,conventional,SanDiego,443367.98
604,2016-10-16,2.34,organic,SanFrancisco,9048.18
605,2016-10-16,2.28,organic,SanDiego,11256.86
606,2016-10-16,2.13,organic,Sacramento,4315.59
607,2016-10-16,1.17,conventional,LosAngeles,2548687.86
608,2016-10-09,2.39,organic,Sacramento,5634.61
609,2016-10-09,1.25,conventional,SanDiego,473046.6
610,2016-10-09,2.22,organic,SanDiego,10499.71
611,2016-10-09,1.82,conventional,SanFrancisco,673082.26
612,2016-10-09,1.49,conventional,Sacramento,370422.62
613,2016-10-09,2.72,organic,SanFrancisco,20761.25
614,2016-10-09,1.16,conventional,LosAngeles,2766529.12
615,2016-10-09,1.58,organic,LosAngeles,72073.73
616,2016-10-02,1.09,conventional,SanDiego,534801.53
617,2016-10-02,1.35,conventional,Sacramento,381992.7
618,2016-10-02,1.99,organic,SanDiego,12215.92
619,2016-10-02,2.64,organic,SanFrancisco,22501.25
620,2016-10-02,1.52,conventional,SanFrancisco,731993.57
621,2016-10-02,1.52,organic,LosAngeles,76112.99
622,2016-10-02,2.33,organic,Sacramento,6408.53
623,2016-10-02,1.06,conventional,LosAngeles,2865744.94
624,2016-09-25,1.34,conventional,Sacramento,420076.53
625,2016-09-25,2.35,organic,SanFrancisco,21280.92
626,2016-09-25,1.62,organic,LosAngeles,62154.36
627,2016-09-25,1.0,conventional,LosAngeles,3007073.27
628,2016-09-25,1.43,conventional,SanFrancisco,860546.65
629,2016-09-25,2.18,organic,Sacramento,6758.91
630,2016-09-25,1.05,conventional,SanDiego,566089.72
631,2016-09-25,2.35,organic,SanDiego,9831.47
632,2016-09-18,2.39,organic,SanFrancisco,23514.36
633,2016-09-18,1.18,conventional,SanDiego,457197.25
634,2016-09-18,1.06,conventional,LosAngeles,2589309.14
635,2016-09-18,2.15,organic,SanDiego,10274.36
636,2016-09-18,2.17,organic,Sacramento,7095.5
637,2016-09-18,1.39,conventional,Sacramento,407813.86
638,2016-09-18,1.5,conventional,SanFrancisco,813575.88
639,2016-09-18,1.47,organic,LosAngeles,74445.93
640,2016-09-11,1.08,conventional,SanDiego,498555.72
641,2016-09-11,1.59,organic,SanDiego,18422.92
642,2016-09-11,2.19,organic,Sacramento,7223.46
643,2016-09-11,1.2,organic,LosAngeles,109755.53
644,2016-09-11,1.43,conventional,SanFrancisco,862732.45
645,2016-09-11,2.37,organic,SanFrancisco,24473.19
646,2016-09-11,0.95,conventional,LosAngeles,2939704.87
647,2016-09-11,1.34,conventional,Sacramento,432472.11
648,2016-09-04,2.19,organic,Sacramento,6913.79
649,2016-09-04,1.79,organic,SanDiego,15730.69
650,2016-09-04,1.29,organic,LosAngeles,106844.47
651,2016-09-04,2.38,organic,SanFrancisco,24494.11
652,2016-09-04,1.06,conventional,SanDiego,550756.68
653,2016-09-04,1.47,conventional,SanFrancisco,850104.12
654,2016-09-04,0.88,conventional,LosAngeles,3431676.04
655,2016-09-04,1.32,conventional,Sacramento,472090.23
656,2016-08-28,2.38,organic,SanFrancisco,24143.51
657,2016-08-28,1.38,conventional,SanFrancisco,812410.86
658,2016-08-28,0.81,conventional,LosAngeles,3563268.97
659,2016-08-28,2.23,organic,Sacramento,6918.81
660,2016-08-28,1.89,organic,SanDiego,14359.34
661,2016-08-28,1.33,conventional,Sacramento,421583.74
662,2016-08-28,0.9,conventional,SanDiego,620041.46
663,2016-08-28,1.26,organic,LosAngeles,104270.76
664,2016-08-21,0.93,conventional,LosAngeles,3086167.04
665,2016-08-21,0.94,conventional,SanDiego,578630.39
666,2016-08-21,1.28,conventional,SanFrancisco,825338.15
667,2016-08-21,2.37,organic,SanFrancisco,20261.0
668,2016-08-21,1.27,conventional,Sacramento,456755.06
669,2016-08-21,1.19,organic,LosAngeles,114354.69
670,2016-08-21,1.92,organic,SanDiego,12240.19
671,2016-08-21,2.19,organic,Sacramento,6172.17
672,2016-08-14,1.91,organic,SanDiego,15584.89
673,2016-08-14,1.19,conventional,Sacramento,512843.34
674,2016-08-14,2.02,organic,SanFrancisco,25520.8
675,2016-08-14,1.19,conventional,SanDiego,499056.18
676,2016-08-14,1.2,organic,LosAngeles,131165.91
677,2016-08-14,1.03,conventional,SanFrancisco,1114834.28
678,2016-08-14,1.96,organic,Sacramento,7490.34
679,2016-08-14,1.03,conventional,LosAngeles,2879218.13
680,2016-08-07,1.0,conventional,LosAngeles,3094362.21
681,2016-08-07,1.14,conventional,SanDiego,534955.59
682,2016-08-07,1.49,conventional,SanFrancisco,753570.45
683,2016-08-07,1.37,conventional,Sacramento,453622.9
684,2016-08-07,2.2,organic,Sacramento,7923.11
685,2016-08-07,1.48,organic,SanDiego,20143.55
686,2016-08-07,1.14,organic,LosAngeles,130613.45
687,2016-08-07,2.33,organic,SanFrancisco,24605.38
688,2016-07-31,1.16,conventional,SanDiego,522678.71
689,2016-07-31,1.52,conventional,SanFrancisco,814505.22
690,2016-07-31,1.21,organic,LosAngeles,115313.85
691,2016-07-31,2.19,organic,Sacramento,7426.56
692,2016-07-31,1.4,conventional,Sacramento,466095.04
693,2016-07-31,1.97,organic,SanDiego,13275.24
694,2016-07-31,1.06,conventional,LosAngeles,2826836.07
695,2016-07-31,2.29,organic,SanFrancisco,23597.78
696,2016-07-24,1.01,conventional,LosAngeles,3033328.67
697,2016-07-24,2.15,organic,Sacramento,7348.62
698,2016-07-24,1.69,organic,SanDiego,17192.77
699,2016-07-24,2.37,organic,SanFrancisco,22083.85
700,2016-07-24,1.18,conventional,SanDiego,526657.41
701,2016-07-24,1.54,conventional,SanFrancisco,817357.28
702,2016-07-24,1.42,conventional,Sacramento,450895.76
703,2016-07-24,1.21,organic,LosAngeles,111080.96
704,2016-07-17,1.31,conventional,Sacramento,471698.22
705,2016-07-17,1.91,organic,SanDiego,14864.69
706,2016-07-17,2.14,organic,Sacramento,7715.38
707,2016-07-17,0.97,conventional,LosAngeles,3092234.0
708,2016-07-17,1.23,organic,LosAngeles,114343.02
709,2016-07-17,1.12,conventional,SanDiego,519567.72
710,2016-07-17,1.46,conventional,SanFrancisco,804071.94
711,2016-07-17,2.3,organic,SanFrancisco,26284.24
712,2016-07-10,2.32,organic,SanFrancisco,29064.21
713,2016-07-10,1.43,organic,SanDiego,20997.51
714,2016-07-10,1.4,conventional,SanFrancisco,842731.76
715,2016-07-10,2.13,organic,Sacramento,8347.48
716,2016-07-10,1.26,conventional,Sacramento,489099.02
717,2016-07-10,0.98,conventional,SanDiego,604082.24
718,2016-07-10,1.15,organic,LosAngeles,125690.61
719,2016-07-10,0.93,conventional,LosAngeles,3293224.51
720,2016-07-03,0.95,conventional,LosAngeles,3449361.49
721,2016-07-03,1.49,organic,SanDiego,21506.43
722,2016-07-03,1.23,organic,LosAngeles,116296.31
723,2016-07-03,2.13,organic,Sacramento,9057.29
724,2016-07-03,2.31,organic,SanFrancisco,29071.11
725,2016-07-03,1.24,conventional,Sacramento,565017.74
726,2016-07-03,1.41,conventional,SanFrancisco,891917.15
727,2016-07-03,1.04,conventional,SanDiego,613005.97
728,2016-06-26,1.79,organic,Sacramento,9617.62
729,2016-06-26,2.21,organic,SanFrancisco,29535.82
730,2016-06-26,1.52,organic,SanDiego,20209.95
731,2016-06-26,0.85,conventional,LosAngeles,3258184.45
732,2016-06-26,0.89,conventional,SanDiego,595917.64
733,2016-06-26,1.5,conventional,SanFrancisco,749554.87
734,2016-06-26,1.18,organic,LosAngeles,112304.11
735,2016-06-26,1.25,conventional,Sacramento,464446.2
736,2016-06-19,1.44,conventional,SanFrancisco,800921.02
737,2016-06-19,0.9,conventional,LosAngeles,3237847.21
738,2016-06-19,2.31,organic,SanFrancisco,26991.7
739,2016-06-19,0.98,conventional,SanDiego,573831.3
740,2016-06-19,2.13,organic,Sacramento,7417.31
741,2016-06-19,1.46,organic,SanDiego,20841.07
742,2016-06-19,1.2,conventional,Sacramento,508036.18
743,2016-06-19,1.23,organic,LosAngeles,110087.71
744,2016-06-12,0.88,conventional,SanDiego,596634.56
745,2016-06-12,2.25,organic,SanFrancisco,27349.15
746,2016-06-12,1.45,organic,SanDiego,18898.31
747,2016-06-12,0.83,conventional,LosAngeles,3248769.26
748,2016-06-12,2.11,organic,Sacramento,7608.58
749,2016-06-12,1.15,conventional,Sacramento,501159.1
750,2016-06-12,1.15,organic,LosAngeles,106514.62
751,2016-06-12,1.45,conventional,SanFrancisco,770382.05
752,2016-06-05,0.76,conventional,LosAngeles,3715458.49
753,2016-06-05,1.52,organic,SanDiego,17431.92
754,2016-06-05,1.17,conventional,Sacramento,521408.99
755,2016-06-05,1.35,conventional,SanFrancisco,899154.46
756,2016-06-05,1.18,organic,LosAngeles,99717.99
757,2016-06-05,0.83,conventional,SanDiego,661159.79
758,2016-06-05,2.08,organic,Sacramento,8123.66
759,2016-06-05,2.3,organic,SanFrancisco,26850.91
760,2016-05-29,0.83,conventional,LosAngeles,3203935.53
761,2016-05-29,1.34,conventional,SanFrancisco,891069.03
762,2016-05-29,1.99,organic,Sacramento,9333.72
763,2016-05-29,0.92,conventional,SanDiego,576543.05
764,2016-05-29,1.11,organic,LosAngeles,111714.45
765,2016-05-29,2.34,organic,SanFrancisco,28707.18
766,2016-05-29,1.44,organic,SanDiego,18843.84
767,2016-05-29,1.18,conventional,Sacramento,489338.25
768,2016-05-22,1.31,conventional,SanFrancisco,817923.28
769,2016-05-22,0.98,organic,LosAngeles,115978.52
770,2016-05-22,0.76,conventional,LosAngeles,3134305.39
771,2016-05-22,2.01,organic,Sacramento,8439.22
772,2016-05-22,2.34,organic,SanFrancisco,30292.77
773,2016-05-22,0.78,conventional,SanDiego,569349.05
774,2016-05-22,1.15,organic,SanDiego,21361.58
775,2016-05-22,1.1,conventional,Sacramento,488201.43
776,2016-05-15,1.53,organic,SanDiego,16392.02
777,2016-05-15,1.14,organic,LosAngeles,108031.14
778,2016-05-15,0.86,conventional,SanDiego,553706.74
779,2016-05-15,1.37,conventional,SanFrancisco,772064.79
780,2016-05-15,1.72,organic,Sacramento,11673.76
781,2016-05-15,1.17,conventional,Sacramento,438309.86
782,2016-05-15,2.27,organic,SanFrancisco,31308.71
783,2016-05-15,0.82,conventional,LosAngeles,2866855.58
784,2016-05-08,1.4,organic,Sacramento,12962.2
785,2016-05-08,0.78,conventional,SanDiego,649503.23
786,2016-05-08,0.64,conventional,LosAngeles,3942054.31
787,2016-05-08,1.06,conventional,SanFrancisco,961334.65
788,2016-05-08,1.13,organic,LosAngeles,119123.05
789,2016-05-08,1.32,organic,SanFrancisco,51985.57
790,2016-05-08,1.0,conventional,Sacramento,569710.14
791,2016-05-08,1.37,organic,SanDiego,22751.54
792,2016-05-01,1.41,organic,Sacramento,13056.72
793,2016-05-01,0.68,conventional,SanDiego,679213.01
794,2016-05-01,1.06,conventional,Sacramento,481861.11
795,2016-05-01,1.37,organic,SanDiego,17211.18
796,2016-05-01,0.99,conventional,SanFrancisco,1001227.21
797,2016-05-01,0.62,conventional,LosAngeles,3863314.25
798,2016-05-01,1.33,organic,SanFrancisco,47035.36
799,2016-05-01,1.11,organic,LosAngeles,102002.62
800,2016-04-24,1.22,organic,SanDiego,19360.95
801,2016-04-24,1.01,conventional,Sacramento,529817.53
802,2016-04-24,2.21,organic,SanFrancisco,29693.75
803,2016-04-24,0.75,conventional,LosAngeles,3136882.52
804,2016-04-24,1.0,conventional,SanFrancisco,1017425.89
805,2016-04-24,1.04,organic,LosAngeles,117010.57
806,2016-04-24,2.01,organic,Sacramento,8840.73
807,2016-04-24,0.73,conventional,SanDiego,623486.79
808,2016-04-17,1.01,organic,LosAngeles,106228.91
809,2016-04-17,1.15,conventional,Sacramento,448082.46
810,2016-04-17,0.8,conventional,SanDiego,621350.28
811,2016-04-17,1.39,conventional,SanFrancisco,786422.89
812,2016-04-17,0.76,conventional,LosAngeles,3185230.67
813,2016-04-17,1.29,organic,SanDiego,16158.77
814,2016-04-17,2.33,organic,SanFrancisco,25486.1
815,2016-04-17,1.95,organic,Sacramento,8477.64
816,2016-04-10,1.15,conventional,Sacramento,459342.82
817,2016-04-10,2.05,organic,Sacramento,7871.28
818,2016-04-10,0.84,conventional,SanDiego,589694.67
819,2016-04-10,1.38,conventional,SanFrancisco,765652.36
820,2016-04-10,1.23,organic,SanDiego,19988.34
821,2016-04-10,2.33,organic,SanFrancisco,25141.16
822,2016-04-10,1.05,organic,LosAngeles,108798.33
823,2016-04-10,0.77,conventional,LosAngeles,3288356.88
824,2016-04-03,1.25,organic,SanDiego,21630.01
825,2016-04-03,0.9,conventional,SanDiego,527115.47
826,2016-04-03,1.12,conventional,SanFrancisco,849739.84
827,2016-04-03,0.82,conventional,LosAngeles,2793982.31
828,2016-04-03,1.08,organic,LosAngeles,117966.34
829,2016-04-03,1.05,conventional,Sacramento,488547.76
830,2016-04-03,2.03,organic,Sacramento,8108.18
831,2016-04-03,2.3,organic,SanFrancisco,24055.14
832,2016-03-27,0.73,conventional,LosAngeles,3467762.25
833,2016-03-27,2.07,organic,Sacramento,7588.03
834,2016-03-27,0.8,conventional,SanDiego,615580.7
835,2016-03-27,1.07,organic,LosAngeles,104358.7
836,2016-03-27,1.47,conventional,SanFrancisco,716020.43
837,2016-03-27,1.35,organic,SanDiego,16902.98
838,2016-03-27,1.18,conventional,Sacramento,458899.34
839,2016-03-27,2.23,organic,SanFrancisco,25593.44
840,2016-03-20,0.76,conventional,SanDiego,649914.07
841,2016-03-20,1.18,conventional,Sacramento,404736.39
842,2016-03-20,1.96,organic,Sacramento,7688.54
843,2016-03-20,1.4,organic,SanDiego,14926.04
844,2016-03-20,1.4,conventional,SanFrancisco,739577.85
845,2016-03-20,2.33,organic,SanFrancisco,24714.55
846,2016-03-20,0.74,conventional,LosAngeles,3374876.94
847,2016-03-20,1.1,organic,LosAngeles,96605.4
848,2016-03-13,0.84,conventional,SanDiego,567953.21
849,2016-03-13,2.04,organic,Sacramento,7402.74
850,2016-03-13,1.09,organic,LosAngeles,117245.31
851,2016-03-13,1.41,conventional,SanFrancisco,714002.3
852,2016-03-13,1.38,organic,SanDiego,20836.85
853,2016-03-13,2.27,organic,SanFrancisco,25229.74
854,2016-03-13,1.14,conventional,Sacramento,441333.91
855,2016-03-13,0.79,conventional,LosAngeles,2987393.94
856,2016-03-06,0.76,conventional,LosAngeles,3138836.66
857,2016-03-06,0.81,conventional,SanDiego,627397.71
858,2016-03-06,1.29,conventional,SanFrancisco,817240.38
859,2016-03-06,2.31,organic,SanFrancisco,24869.6
860,2016-03-06,0.96,organic,LosAngeles,115143.8
861,2016-03-06,1.21,organic,SanDiego,18148.41
862,2016-03-06,1.13,conventional,Sacramento,443386.65
863,2016-03-06,1.88,organic,Sacramento,9728.1
864,2016-02-28,1.13,conventional,Sacramento,439280.11
865,2016-02-28,0.72,conventional,LosAngeles,3332578.34
866,2016-02-28,2.29,organic,SanFrancisco,24175.21
867,2016-02-28,0.8,conventional,SanDiego,585693.61
868,2016-02-28,0.96,organic,LosAngeles,128489.58
869,2016-02-28,1.12,organic,SanDiego,24693.33
870,2016-02-28,1.29,conventional,SanFrancisco,824092.61
871,2016-02-28,2.01,organic,Sacramento,7998.27
872,2016-02-21,1.09,conventional,Sacramento,419479.7
873,2016-02-21,2.04,organic,Sacramento,6818.11
874,2016-02-21,1.25,organic,SanDiego,16903.84
875,2016-02-21,0.76,conventional,LosAngeles,3232888.65
876,2016-02-21,0.86,conventional,SanDiego,592197.58
877,2016-02-21,1.15,conventional,SanFrancisco,799826.02
878,2016-02-21,1.07,organic,LosAngeles,91664.08
879,2016-02-21,2.38,organic,SanFrancisco,21256.64
880,2016-02-14,1.98,organic,Sacramento,7588.38
881,2016-02-14,1.09,organic,LosAngeles,89422.16
882,2016-02-14,2.37,organic,SanFrancisco,21276.09
883,2016-02-14,1.34,conventional,SanFrancisco,696959.32
884,2016-02-14,0.65,conventional,LosAngeles,3664088.6
885,2016-02-14,0.79,conventional,SanDiego,595414.77
886,2016-02-14,1.42,organic,SanDiego,14114.3
887,2016-02-14,1.04,conventional,Sacramento,447945.8
888,2016-02-07,0.61,conventional,SanDiego,917660.79
889,2016-02-07,1.32,organic,SanDiego,13419.01
890,2016-02-07,0.91,conventional,Sacramento,796524.48
891,2016-02-07,1.72,organic,Sacramento,8361.61
892,2016-02-07,1.07,organic,LosAngeles,80943.91
893,2016-02-07,0.89,conventional,SanFrancisco,1355047.15
894,2016-02-07,0.58,conventional,LosAngeles,4982700.11
895,2016-02-07,1.93,organic,SanFrancisco,26088.82
896,2016-01-31,2.3,organic,SanFrancisco,23630.61
897,2016-01-31,1.73,organic,Sacramento,9768.28
898,2016-01-31,0.72,conventional,SanDiego,643326.66
899,2016-01-31,1.13,conventional,Sacramento,434121.25
900,2016-01-31,0.74,conventional,LosAngeles,3197788.06
901,2016-01-31,1.27,conventional,SanFrancisco,805039.06
902,2016-01-31,1.4,organic,SanDiego,11694.11
903,2016-01-31,1.02,organic,LosAngeles,81433.73
904,2016-01-24,0.85,conventional,SanDiego,564637.66
905,2016-01-24,1.11,conventional,Sacramento,409324.93
906,2016-01-24,1.05,conventional,SanFrancisco,844417.47
907,2016-01-24,1.06,organic,LosAngeles,79706.09
908,2016-01-24,1.73,organic,Sacramento,7361.79
909,2016-01-24,0.76,conventional,LosAngeles,3173509.36
910,2016-01-24,1.31,organic,SanDiego,15316.04
911,2016-01-24,1.89,organic,SanFrancisco,24292.32
912,2016-01-17,1.18,organic,LosAngeles,65863.8
913,2016-01-17,1.24,conventional,SanFrancisco,732860.83
914,2016-01-17,0.76,conventional,LosAngeles,2952576.85
915,2016-01-17,1.11,conventional,Sacramento,437356.64
916,2016-01-17,1.46,organic,SanDiego,12118.57
917,2016-01-17,0.79,conventional,SanDiego,561712.98
918,2016-01-17,1.95,organic,SanFrancisco,18983.23
919,2016-01-17,1.72,organic,Sacramento,6880.85
920,2016-01-10,1.93,organic,SanFrancisco,17568.19
921,2016-01-10,1.08,organic,LosAngeles,80027.43
922,2016-01-10,0.81,conventional,SanDiego,578610.94
923,2016-01-10,1.32,organic,SanDiego,12435.43
924,2016-01-10,1.68,organic,Sacramento,6929.96
925,2016-01-10,0.74,conventional,LosAngeles,3172437.94
926,2016-01-10,1.08,conventional,Sacramento,434238.52
927,2016-01-10,1.21,conventional,SanFrancisco,765839.95
928,2016-01-03,1.93,organic,SanFrancisco,18894.27
929,2016-01-03,1.41,organic,SanDiego,10975.51
930,2016-01-03,0.96,conventional,Sacramento,512117.98
931,2016-01-03,1.15,organic,LosAngeles,60896.62
932,2016-01-03,0.93,conventional,SanFrancisco,918798.74
933,2016-01-03,1.68,organic,Sacramento,7911.16
934,2016-01-03,0.65,conventional,SanDiego,719749.77
935,2016-01-03,0.64,conventional,LosAngeles,3967109.33
936,2015-12-27,1.72,organic,Sacramento,4946.4
937,2015-12-27,1.05,conventional,SanFrancisco,692206.4
938,2015-12-27,1.62,organic,SanDiego,8704.72
939,2015-12-27,1.21,organic,LosAngeles,52474.67
940,2015-12-27,0.8,conventional,LosAngeles,2326942.14
941,2015-12-27,0.98,conventional,Sacramento,403741.62
942,2015-12-27,0.92,conventional,SanDiego,439968.4
943,2015-12-27,1.88,organic,SanFrancisco,14081.58
944,2015-12-20,0.94,conventional,SanDiego,420476.44
945,2015-12-20,0.85,conventional,LosAngeles,2149872.45
946,2015-12-20,1.11,organic,LosAngeles,53170.36
947,2015-12-20,1.87,organic,SanFrancisco,13703.79
948,2015-12-20,1.68,organic,Sacramento,5161.57
949,2015-12-20,1.0,conventional,Sacramento,385518.03
950,2015-12-20,1.23,organic,SanDiego,11727.34
951,2015-12-20,1.15,conventional,SanFrancisco,637091.48
952,2015-12-13,1.27,organic,SanDiego,12242.29
953,2015-12-13,1.14,organic,LosAngeles,51913.12
954,2015-12-13,1.68,organic,Sacramento,5141.65
955,2015-12-13,1.22,conventional,SanFrancisco,616016.46
956,2015-12-13,1.94,organic,SanFrancisco,13713.65
957,2015-12-13,0.84,conventional,SanDiego,462548.3
958,2015-12-13,0.74,conventional,LosAngeles,2690296.07
959,2015-12-13,1.0,conventional,Sacramento,376689.94
960,2015-12-06,1.23,organic,LosAngeles,43059.51
961,2015-12-06,1.43,organic,Sacramento,7422.92
962,2015-12-06,0.66,conventional,LosAngeles,3048290.53
963,2015-12-06,1.92,organic,SanFrancisco,15144.79
964,2015-12-06,1.07,conventional,Sacramento,318280.23
965,2015-12-06,1.83,organic,SanDiego,5564.87
966,2015-12-06,1.06,conventional,SanFrancisco,694982.49
967,2015-12-06,0.67,conventional,SanDiego,565516.62
968,2015-11-29,0.91,conventional,SanDiego,385289.59
969,2015-11-29,1.05,conventional,SanFrancisco,651638.6
970,2015-11-29,0.83,conventional,LosAngeles,2156008.93
971,2015-11-29,1.87,organic,SanDiego,7022.99
972,2015-11-29,2.04,organic,Sacramento,4643.81
973,2015-11-29,1.33,organic,LosAngeles,42934.45
974,2015-11-29,0.99,conventional,Sacramento,347406.9
975,2015-11-29,2.58,organic,SanFrancisco,13218.02
976,2015-11-22,1.85,organic,SanDiego,7438.22
977,2015-11-22,0.98,conventional,SanDiego,385300.75
978,2015-11-22,1.34,organic,LosAngeles,45689.27
979,2015-11-22,1.79,organic,Sacramento,4955.07
980,2015-11-22,0.81,conventional,LosAngeles,2268076.38
981,2015-11-22,1.04,conventional,SanFrancisco,709444.22
982,2015-11-22,1.06,conventional,Sacramento,354986.48
983,2015-11-22,2.04,organic,SanFrancisco,14355.23
984,2015-11-15,1.68,organic,SanDiego,8438.39
985,2015-11-15,0.99,conventional,SanFrancisco,775848.72
986,2015-11-15,2.02,organic,SanFrancisco,17078.8
987,2015-11-15,0.85,conventional,SanDiego,501838.1
988,2015-11-15,0.74,conventional,LosAngeles,2828361.9
989,2015-11-15,1.87,organic,Sacramento,4984.88
990,2015-11-15,0.94,conventional,Sacramento,414161.47
991,2015-11-15,1.31,organic,LosAngeles,49201.89
992,2015-11-08,1.8,organic,Sacramento,5951.51
993,2015-11-08,1.98,organic,SanFrancisco,17886.78
994,2015-11-08,1.14,conventional,Sacramento,357132.53
995,2015-11-08,0.92,conventional,SanDiego,492385.15
996,2015-11-08,0.84,conventional,LosAngeles,2621078.31
997,2015-11-08,1.4,conventional,SanFrancisco,599884.32
998,2015-11-08,1.82,organic,SanDiego,8902.22
999,2015-11-08,1.42,organic,LosAngeles,48697.16
1000,2015-11-01,1.02,conventional,Sacramento,532467.38
1001,2015-11-01,1.64,organic,SanDiego,9456.39
1002,2015-11-01,1.01,conventional,SanDiego,468472.81
1003,2015-11-01,0.89,conventional,LosAngeles,2617806.65
1004,2015-11-01,2.01,organic,SanFrancisco,17582.93
1005,2015-11-01,0.97,conventional,SanFrancisco,869927.27
1006,2015-11-01,1.9,organic,Sacramento,5479.7
1007,2015-11-01,1.36,organic,LosAngeles,52815.97
1008,2015-10-25,1.55,conventional,SanFrancisco,561342.23
1009,2015-10-25,1.41,organic,LosAngeles,48799.38
1010,2015-10-25,0.95,conventional,LosAngeles,2327634.45
1011,2015-10-25,1.08,conventional,SanDiego,408336.19
1012,2015-10-25,1.86,organic,Sacramento,5859.11
1013,2015-10-25,1.94,organic,SanFrancisco,19311.21
1014,2015-10-25,1.26,conventional,Sacramento,343757.21
1015,2015-10-25,1.65,organic,SanDiego,9164.19
1016,2015-10-18,1.28,conventional,Sacramento,326458.27
1017,2015-10-18,1.52,conventional,SanFrancisco,586073.85
1018,2015-10-18,1.85,organic,SanDiego,7576.11
1019,2015-10-18,2.79,organic,SanFrancisco,12642.11
1020,2015-10-18,1.03,conventional,SanDiego,447663.17
1021,2015-10-18,2.14,organic,Sacramento,5469.71
1022,2015-10-18,0.89,conventional,LosAngeles,2661345.12
1023,2015-10-18,1.62,organic,LosAngeles,33737.71
1024,2015-10-11,1.58,conventional,SanFrancisco,564456.6
1025,2015-10-11,2.66,organic,SanFrancisco,14031.73
1026,2015-10-11,1.82,organic,SanDiego,7472.6
1027,2015-10-11,2.1,organic,Sacramento,5232.0
1028,2015-10-11,1.29,conventional,Sacramento,355472.28
1029,2015-10-11,0.92,conventional,LosAngeles,2591981.76
1030,2015-10-11,1.72,organic,LosAngeles,28062.63
1031,2015-10-11,0.93,conventional,SanDiego,492276.73
1032,2015-10-04,1.1,conventional,Sacramento,377192.1
1033,2015-10-04,1.04,conventional,SanFrancisco,762866.62
1034,2015-10-04,1.85,organic,SanDiego,8490.07
1035,2015-10-04,1.11,conventional,SanDiego,404301.76
1036,2015-10-04,1.68,organic,LosAngeles,34443.27
1037,2015-10-04,2.59,organic,SanFrancisco,15346.87
1038,2015-10-04,0.98,conventional,LosAngeles,2278629.09
1039,2015-10-04,2.01,organic,Sacramento,6005.54
1040,2015-09-27,2.74,organic,SanFrancisco,11798.62
1041,2015-09-27,1.28,conventional,Sacramento,350982.2
1042,2015-09-27,0.93,conventional,SanDiego,491990.83
1043,2015-09-27,1.7,organic,SanDiego,8898.69
1044,2015-09-27,1.38,conventional,SanFrancisco,651697.34
1045,2015-09-27,0.9,conventional,LosAngeles,2674658.54
1046,2015-09-27,1.95,organic,Sacramento,5472.45
1047,2015-09-27,1.51,organic,LosAngeles,38333.16
1048,2015-09-20,2.79,organic,SanFrancisco,15197.42
1049,2015-09-20,1.69,organic,SanDiego,10284.23
1050,2015-09-20,1.07,conventional,SanDiego,448488.04
1051,2015-09-20,1.25,conventional,Sacramento,353231.58
1052,2015-09-20,1.57,organic,LosAngeles,43450.79
1053,2015-09-20,2.0,organic,Sacramento,6595.69
1054,2015-09-20,0.99,conventional,LosAngeles,2392448.9
1055,2015-09-20,1.56,conventional,SanFrancisco,578500.76
1056,2015-09-13,0.98,conventional,LosAngeles,2549512.5
1057,2015-09-13,1.24,conventional,Sacramento,384192.52
1058,2015-09-13,2.02,organic,Sacramento,6405.75
1059,2015-09-13,1.53,conventional,SanFrancisco,603840.95
1060,2015-09-13,1.81,organic,SanDiego,10361.87
1061,2015-09-13,1.08,conventional,SanDiego,464305.03
1062,2015-09-13,2.73,organic,SanFrancisco,14802.78
1063,2015-09-13,1.66,organic,LosAngeles,45533.58
1064,2015-09-06,1.54,conventional,SanFrancisco,646810.2
1065,2015-09-06,1.21,conventional,Sacramento,466705.75
1066,2015-09-06,0.92,conventional,LosAngeles,2983163.34
1067,2015-09-06,1.6,organic,LosAngeles,40540.88
1068,2015-09-06,2.15,organic,Sacramento,5975.27
1069,2015-09-06,1.02,conventional,SanDiego,502677.35
1070,2015-09-06,2.73,organic,SanFrancisco,15510.69
1071,2015-09-06,1.85,organic,SanDiego,9341.22
1072,2015-08-30,0.9,conventional,LosAngeles,3037663.98
1073,2015-08-30,1.04,conventional,SanDiego,490268.77
1074,2015-08-30,2.77,organic,SanFrancisco,15201.2
1075,2015-08-30,1.88,organic,SanDiego,9085.45
1076,2015-08-30,1.53,conventional,SanFrancisco,649891.92
1077,2015-08-30,2.1,organic,Sacramento,6389.53
1078,2015-08-30,1.3,conventional,Sacramento,377229.13
1079,2015-08-30,1.58,organic,LosAngeles,40655.43
1080,2015-08-23,1.74,organic,SanDiego,10817.27
1081,2015-08-23,1.15,conventional,SanDiego,459471.05
1082,2015-08-23,1.03,conventional,LosAngeles,2604991.25
1083,2015-08-23,1.59,conventional,SanFrancisco,610212.92
1084,2015-08-23,1.84,organic,Sacramento,9578.9
1085,2015-08-23,1.26,conventional,Sacramento,405274.71
1086,2015-08-23,2.71,organic,SanFrancisco,15111.33
1087,2015-08-23,1.52,organic,LosAngeles,50234.03
1088,2015-08-16,2.09,organic,Sacramento,7357.97
1089,2015-08-16,1.3,conventional,Sacramento,401708.33
1090,2015-08-16,0.93,conventional,LosAngeles,2943218.77
1091,2015-08-16,1.82,organic,SanDiego,9064.11
1092,2015-08-16,2.73,organic,SanFrancisco,15289.67
1093,2015-08-16,1.05,conventional,SanDiego,514202.63
1094,2015-08-16,1.55,organic,LosAngeles,39542.9
1095,2015-08-16,1.59,conventional,SanFrancisco,618237.58
1096,2015-08-09,1.82,organic,SanDiego,8902.03
1097,2015-08-09,1.03,conventional,SanDiego,630941.71
1098,2015-08-09,0.94,conventional,LosAngeles,3371114.14
1099,2015-08-09,2.17,organic,Sacramento,7260.07
1100,2015-08-09,1.56,conventional,SanFrancisco,603876.9
1101,2015-08-09,1.61,organic,LosAngeles,35630.99
1102,2015-08-09,2.72,organic,SanFrancisco,15564.78
1103,2015-08-09,1.28,conventional,Sacramento,414823.74
1104,2015-08-02,1.57,conventional,SanFrancisco,645158.33
1105,2015-08-02,1.07,conventional,SanDiego,500999.15
1106,2015-08-02,2.1,organic,Sacramento,6833.71
1107,2015-08-02,1.0,conventional,LosAngeles,2742211.46
1108,2015-08-02,2.76,organic,SanFrancisco,13936.04
1109,2015-08-02,1.33,conventional,Sacramento,404664.32
1110,2015-08-02,1.63,organic,LosAngeles,40544.17
1111,2015-08-02,1.86,organic,SanDiego,10242.52
1112,2015-07-26,1.58,conventional,SanFrancisco,628331.04
1113,2015-07-26,0.95,conventional,LosAngeles,2893887.74
1114,2015-07-26,1.1,conventional,SanDiego,495344.27
1115,2015-07-26,2.75,organic,SanFrancisco,15953.01
1116,2015-07-26,1.32,conventional,Sacramento,395471.89
1117,2015-07-26,1.53,organic,LosAngeles,43803.78
1118,2015-07-26,1.71,organic,SanDiego,10276.01
1119,2015-07-26,2.12,organic,Sacramento,8182.86
1120,2015-07-19,1.02,conventional,LosAngeles,2614726.11
1121,2015-07-19,1.98,organic,Sacramento,9560.55
1122,2015-07-19,1.56,organic,LosAngeles,41636.8
1123,2015-07-19,2.36,organic,SanFrancisco,19558.81
1124,2015-07-19,1.56,conventional,SanFrancisco,633327.17
1125,2015-07-19,1.29,conventional,Sacramento,404604.85
1126,2015-07-19,1.15,conventional,SanDiego,462526.0
1127,2015-07-19,1.85,organic,SanDiego,9159.44
1128,2015-07-12,1.1,conventional,SanDiego,490312.63
1129,2015-07-12,1.39,conventional,SanFrancisco,680351.84
1130,2015-07-12,1.59,organic,LosAngeles,39171.61
1131,2015-07-12,2.09,organic,SanFrancisco,23141.66
1132,2015-07-12,1.23,conventional,Sacramento,411928.38
1133,2015-07-12,1.81,organic,SanDiego,9760.46
1134,2015-07-12,1.72,organic,Sacramento,13720.73
1135,2015-07-12,1.03,conventional,LosAngeles,2652480.7
1136,2015-07-05,1.86,organic,Sacramento,9756.1
1137,2015-07-05,1.96,organic,SanFrancisco,23306.75
1138,2015-07-05,1.55,organic,SanDiego,16352.08
1139,2015-07-05,0.96,conventional,LosAngeles,3435374.51
1140,2015-07-05,1.53,conventional,SanFrancisco,752191.79
1141,2015-07-05,1.05,conventional,SanDiego,587740.55
1142,2015-07-05,1.26,conventional,Sacramento,550810.62
1143,2015-07-05,1.46,organic,LosAngeles,56929.52
1144,2015-06-28,1.26,conventional,Sacramento,423984.04
1145,2015-06-28,1.84,organic,Sacramento,9219.97
1146,2015-06-28,1.55,organic,SanDiego,12946.65
1147,2015-06-28,0.94,conventional,LosAngeles,2921148.91
1148,2015-06-28,1.96,organic,SanFrancisco,19868.9
1149,2015-06-28,1.02,conventional,SanDiego,495309.23
1150,2015-06-28,1.54,conventional,SanFrancisco,646324.68
1151,2015-06-28,1.47,organic,LosAngeles,48421.15
1152,2015-06-21,1.52,conventional,SanFrancisco,673720.54
1153,2015-06-21,1.56,organic,SanDiego,11055.46
1154,2015-06-21,1.95,organic,SanFrancisco,23502.62
1155,2015-06-21,1.82,organic,Sacramento,9753.85
1156,2015-06-21,0.94,conventional,SanDiego,594488.41
1157,2015-06-21,1.46,organic,LosAngeles,45352.7
1158,2015-06-21,0.91,conventional,LosAngeles,3040023.34
1159,2015-06-21,1.27,conventional,Sacramento,422723.91
1160,2015-06-14,1.53,organic,SanDiego,11438.64
1161,2015-06-14,0.87,conventional,SanDiego,630746.82
1162,2015-06-14,1.22,conventional,Sacramento,431791.38
1163,2015-06-14,1.51,conventional,SanFrancisco,696873.03
1164,2015-06-14,1.95,organic,SanFrancisco,23972.69
1165,2015-06-14,1.81,organic,Sacramento,10339.48
1166,2015-06-14,0.79,conventional,LosAngeles,3689140.93
1167,2015-06-14,1.44,organic,LosAngeles,42369.24
1168,2015-06-07,0.84,conventional,LosAngeles,3261844.41
1169,2015-06-07,1.96,organic,SanFrancisco,22886.87
1170,2015-06-07,1.31,conventional,SanFrancisco,758817.08
1171,2015-06-07,0.89,conventional,SanDiego,607468.04
1172,2015-06-07,1.42,organic,LosAngeles,44034.76
1173,2015-06-07,1.51,organic,SanDiego,10372.71
1174,2015-06-07,1.85,organic,Sacramento,9557.56
1175,2015-06-07,1.18,conventional,Sacramento,435087.17
1176,2015-05-31,1.4,organic,LosAngeles,44605.56
1177,2015-05-31,0.9,conventional,SanDiego,569414.76
1178,2015-05-31,1.17,conventional,Sacramento,435723.85
1179,2015-05-31,1.49,organic,SanDiego,10940.85
1180,2015-05-31,1.29,conventional,SanFrancisco,764114.39
1181,2015-05-31,1.62,organic,Sacramento,10430.71
1182,2015-05-31,0.85,conventional,LosAngeles,3196936.02
1183,2015-05-31,1.54,organic,SanFrancisco,24581.46
1184,2015-05-24,1.62,organic,Sacramento,11399.34
1185,2015-05-24,1.08,conventional,SanDiego,477415.68
1186,2015-05-24,1.42,organic,LosAngeles,49071.35
1187,2015-05-24,1.37,conventional,SanFrancisco,700411.03
1188,2015-05-24,1.51,organic,SanDiego,12044.14
1189,2015-05-24,1.26,conventional,Sacramento,403793.79
1190,2015-05-24,1.52,organic,SanFrancisco,29319.95
1191,2015-05-24,0.97,conventional,LosAngeles,2853904.6
1192,2015-05-17,1.53,organic,Sacramento,13045.36
1193,2015-05-17,1.53,organic,SanFrancisco,31271.46
1194,2015-05-17,0.98,conventional,LosAngeles,2557700.83
1195,2015-05-17,1.02,conventional,SanDiego,458191.52
1196,2015-05-17,1.32,conventional,SanFrancisco,701099.41
1197,2015-05-17,1.18,conventional,Sacramento,397215.12
1198,2015-05-17,1.48,organic,SanDiego,10914.03
1199,2015-05-17,1.41,organic,LosAngeles,43907.34
1200,2015-05-10,1.14,conventional,Sacramento,437822.76
1201,2015-05-10,1.48,organic,SanFrancisco,33676.05
1202,2015-05-10,1.3,conventional,SanFrancisco,742672.03
1203,2015-05-10,0.78,conventional,LosAngeles,3553642.53
1204,2015-05-10,1.45,organic,SanDiego,10480.68
1205,2015-05-10,1.39,organic,LosAngeles,42131.8
1206,2015-05-10,0.85,conventional,SanDiego,594740.3
1207,2015-05-10,1.3,organic,Sacramento,27835.34
1208,2015-05-03,1.55,organic,SanFrancisco,29248.72
1209,2015-05-03,0.78,conventional,LosAngeles,4015563.02
1210,2015-05-03,1.36,organic,LosAngeles,43115.31
1211,2015-05-03,1.0,conventional,SanFrancisco,1310364.67
1212,2015-05-03,1.05,conventional,Sacramento,662034.34
1213,2015-05-03,0.8,conventional,SanDiego,740760.3
1214,2015-05-03,1.64,organic,Sacramento,8315.7
1215,2015-05-03,1.41,organic,SanDiego,10506.78
1216,2015-04-26,1.48,organic,SanDiego,10698.67
1217,2015-04-26,1.52,organic,SanFrancisco,31950.47
1218,2015-04-26,1.39,conventional,SanFrancisco,680839.21
1219,2015-04-26,1.02,conventional,LosAngeles,2355703.98
1220,2015-04-26,1.4,organic,LosAngeles,44090.53
1221,2015-04-26,1.27,conventional,Sacramento,366719.82
1222,2015-04-26,1.62,organic,Sacramento,9637.66
1223,2015-04-26,1.11,conventional,SanDiego,435990.48
1224,2015-04-19,0.93,conventional,LosAngeles,2901188.07
1225,2015-04-19,1.19,conventional,Sacramento,415841.32
1226,2015-04-19,1.23,conventional,SanFrancisco,818816.7
1227,2015-04-19,1.52,organic,SanDiego,10267.95
1228,2015-04-19,1.55,organic,SanFrancisco,28984.95
1229,2015-04-19,1.65,organic,Sacramento,9164.67
1230,2015-04-19,1.41,organic,LosAngeles,44688.56
1231,2015-04-19,1.04,conventional,SanDiego,488094.98
1232,2015-04-12,0.93,conventional,LosAngeles,2799667.4
1233,2015-04-12,1.65,organic,Sacramento,8205.75
1234,2015-04-12,1.24,conventional,Sacramento,382583.75
1235,2015-04-12,1.49,organic,SanDiego,10665.71
1236,2015-04-12,1.01,conventional,SanDiego,515246.69
1237,2015-04-12,1.33,conventional,SanFrancisco,729890.28
1238,2015-04-12,1.39,organic,LosAngeles,43407.79
1239,2015-04-12,1.54,organic,SanFrancisco,28220.45
1240,2015-04-05,1.33,conventional,SanFrancisco,742539.71
1241,2015-04-05,1.55,organic,SanFrancisco,26530.7
1242,2015-04-05,1.11,conventional,SanDiego,469883.87
1243,2015-04-05,1.01,conventional,LosAngeles,2603114.56
1244,2015-04-05,1.23,conventional,Sacramento,404333.75
1245,2015-04-05,1.42,organic,LosAngeles,44984.85
1246,2015-04-05,1.64,organic,Sacramento,9013.89
1247,2015-04-05,1.53,organic,SanDiego,11171.13
1248,2015-03-29,1.64,organic,Sacramento,9959.6
1249,2015-03-29,1.3,conventional,SanFrancisco,742583.03
1250,2015-03-29,1.2,conventional,Sacramento,391178.81
1251,2015-03-29,1.53,organic,SanDiego,8962.77
1252,2015-03-29,1.0,conventional,LosAngeles,2566690.28
1253,2015-03-29,1.55,organic,SanFrancisco,28094.96
1254,2015-03-29,1.08,conventional,SanDiego,450370.85
1255,2015-03-29,1.42,organic,LosAngeles,35121.94
1256,2015-03-22,1.25,organic,LosAngeles,41439.59
1257,2015-03-22,1.19,conventional,SanFrancisco,841723.81
1258,2015-03-22,0.96,conventional,SanDiego,515764.64
1259,2015-03-22,1.16,organic,SanDiego,12951.28
1260,2015-03-22,1.34,organic,SanFrancisco,21370.71
1261,2015-03-22,1.52,organic,Sacramento,7875.19
1262,2015-03-22,1.01,conventional,LosAngeles,2466735.33
1263,2015-03-22,1.13,conventional,Sacramento,424708.39
1264,2015-03-15,1.63,organic,Sacramento,9075.16
1265,2015-03-15,1.49,organic,SanDiego,8349.37
1266,2015-03-15,1.56,organic,SanFrancisco,21389.7
1267,2015-03-15,0.94,conventional,LosAngeles,2690257.2
1268,2015-03-15,1.06,conventional,SanDiego,463106.48
1269,2015-03-15,1.42,organic,LosAngeles,32656.06
1270,2015-03-15,1.22,conventional,Sacramento,380761.14
1271,2015-03-15,1.26,conventional,SanFrancisco,779754.03
1272,2015-03-08,0.95,conventional,SanDiego,504284.16
1273,2015-03-08,1.48,organic,SanDiego,9468.77
1274,2015-03-08,1.6,organic,Sacramento,9666.61
1275,2015-03-08,1.12,conventional,Sacramento,415147.69
1276,2015-03-08,1.35,organic,LosAngeles,42280.47
1277,2015-03-08,1.56,organic,SanFrancisco,20111.3
1278,2015-03-08,1.16,conventional,SanFrancisco,830775.42
1279,2015-03-08,0.86,conventional,LosAngeles,2797745.89
1280,2015-03-01,0.95,conventional,SanFrancisco,1039265.17
1281,2015-03-01,1.02,conventional,Sacramento,452845.47
1282,2015-03-01,1.09,organic,SanFrancisco,49820.01
1283,2015-03-01,0.75,conventional,LosAngeles,3094278.93
1284,2015-03-01,1.22,organic,Sacramento,45355.38
1285,2015-03-01,0.83,conventional,SanDiego,572552.24
1286,2015-03-01,1.09,organic,SanDiego,20407.13
1287,2015-03-01,1.14,organic,LosAngeles,60244.59
1288,2015-02-22,1.44,organic,SanDiego,11764.76
1289,2015-02-22,0.83,conventional,LosAngeles,2954705.54
1290,2015-02-22,1.14,conventional,Sacramento,405013.16
1291,2015-02-22,0.92,conventional,SanDiego,516149.11
1292,2015-02-22,1.51,organic,Sacramento,8785.09
1293,2015-02-22,1.23,conventional,SanFrancisco,776336.17
1294,2015-02-22,1.39,organic,SanFrancisco,37223.45
1295,2015-02-22,1.36,organic,LosAngeles,44972.88
1296,2015-02-15,1.43,organic,LosAngeles,41524.22
1297,2015-02-15,1.55,organic,SanFrancisco,24986.4
1298,2015-02-15,1.63,organic,Sacramento,7436.13
1299,2015-02-15,0.94,conventional,SanDiego,486113.55
1300,2015-02-15,1.13,conventional,Sacramento,381041.74
1301,2015-02-15,1.49,organic,SanDiego,12775.39
1302,2015-02-15,0.83,conventional,LosAngeles,2926435.94
1303,2015-02-15,1.23,conventional,SanFrancisco,696515.27
1304,2015-02-08,0.92,conventional,SanFrancisco,928836.58
1305,2015-02-08,1.5,organic,Sacramento,8676.28
1306,2015-02-08,0.98,conventional,SanDiego,448394.83
1307,2015-02-08,0.98,conventional,Sacramento,432572.45
1308,2015-02-08,1.29,organic,SanDiego,15054.25
1309,2015-02-08,1.29,organic,LosAngeles,46991.12
1310,2015-02-08,1.35,organic,SanFrancisco,27556.76
1311,2015-02-08,0.9,conventional,LosAngeles,2641032.65
1312,2015-02-01,0.74,conventional,LosAngeles,4031949.04
1313,2015-02-01,1.11,organic,SanDiego,18623.99
1314,2015-02-01,0.85,conventional,SanDiego,692276.13
1315,2015-02-01,0.91,conventional,SanFrancisco,1352027.64
1316,2015-02-01,1.12,organic,LosAngeles,50107.32
1317,2015-02-01,1.06,organic,SanFrancisco,57802.02
1318,2015-02-01,1.22,organic,Sacramento,13195.65
1319,2015-02-01,1.04,conventional,Sacramento,771974.9
1320,2015-01-25,1.44,organic,Sacramento,9707.59
1321,2015-01-25,1.21,conventional,SanFrancisco,713523.24
1322,2015-01-25,1.02,conventional,SanDiego,406591.11
1323,2015-01-25,1.19,conventional,Sacramento,360027.65
1324,2015-01-25,1.34,organic,SanFrancisco,27146.81
1325,2015-01-25,1.26,organic,SanDiego,11132.08
1326,2015-01-25,1.23,organic,LosAngeles,38078.07
1327,2015-01-25,0.96,conventional,LosAngeles,2329987.29
1328,2015-01-18,1.22,conventional,SanFrancisco,753746.51
1329,2015-01-18,1.22,conventional,Sacramento,367047.36
1330,2015-01-18,1.01,conventional,SanDiego,461063.73
1331,2015-01-18,0.89,conventional,LosAngeles,2800679.5
1332,2015-01-18,1.27,organic,SanFrancisco,41482.48
1333,2015-01-18,1.29,organic,LosAngeles,43649.12
1334,2015-01-18,1.13,organic,Sacramento,37233.34
1335,2015-01-18,1.29,organic,SanDiego,14473.73
1336,2015-01-11,1.05,organic,SanDiego,20089.52
1337,2015-01-11,1.27,organic,Sacramento,7598.26
1338,2015-01-11,0.85,conventional,LosAngeles,2713699.6
1339,2015-01-11,1.12,organic,SanFrancisco,29676.78
1340,2015-01-11,0.82,conventional,SanDiego,544667.18
1341,2015-01-11,1.08,organic,LosAngeles,60232.63
1342,2015-01-11,1.09,conventional,Sacramento,429492.28
1343,2015-01-11,1.03,conventional,SanFrancisco,916450.76
1344,2015-01-04,1.18,organic,SanFrancisco,22630.58
1345,2015-01-04,1.23,organic,SanDiego,19089.36
1346,2015-01-04,1.33,organic,Sacramento,9213.49
1347,2015-01-04,0.85,conventional,LosAngeles,2682159.95
1348,2015-01-04,0.99,conventional,SanFrancisco,907795.89
1349,2015-01-04,0.94,conventional,SanDiego,461607.33
1350,2015-01-04,1.05,conventional,Sacramento,430138.88
1351,2015-01-04,1.25,organic,LosAngeles,54495.54
